Sub_Period,Sum_forecast
1,21829060.031666
2,21146329.6319817
3,23735686.9387899
4,22409515.2844737
5,25621828.7250966
6,26307858.0400465
7,26705092.5563487
8,23440761.3295266
9,20640047.3199708
10,20086270.4620746
11,20858119.95754
12,21255190.2449756
