Sub_Period,Sum_forecast
1,2491319.0932067
2,2408384.7836039
3,2833157.32138731
4,2679433.37162564
5,3054885.87648183
6,3106151.77924679
7,3132699.14459842
8,2776154.19545819
9,2451565.9414383
10,2401771.57483463
11,2477301.91634762
12,2452170.06939638
